{"cameraMode":{"drawMode":0,"name":"Shaded","section":"Shading Mode"},"sceneLighting":false,"audioPlay":false,"sceneViewState":{"showFog":true,"showMaterialUpdate":false,"showSkybox":true,"showFlares":true,"showImageEffects":true,"showParticleSystems":true},"in2DMode":false,"pivot":{"x":2.513408660888672,"y":3.1333179473876955,"z":-3.7038416862487795},"rotation":{"x":-0.19701223075389863,"y":-0.699758768081665,"z":0.21096572279930116,"w":-0.6534656882286072},"size":22.0,"orthographic":false}