{"cameraMode":{"drawMode":0,"name":"Shaded","section":"Shading Mode"},"sceneLighting":true,"audioPlay":false,"sceneViewState":{"showFog":true,"showMaterialUpdate":false,"showSkybox":true,"showFlares":true,"showImageEffects":true,"showParticleSystems":true},"in2DMode":false,"pivot":{"x":-12.163169860839844,"y":-6.986820697784424,"z":25.08761215209961},"rotation":{"x":-0.3292861580848694,"y":0.3343792259693146,"z":-0.12601813673973084,"w":-0.8740026354789734},"size":27.680044174194337,"orthographic":false}