{"cameraMode":{"drawMode":0,"name":"Shaded","section":"Shading Mode"},"sceneLighting":true,"audioPlay":false,"sceneViewState":{"showFog":true,"showMaterialUpdate":false,"showSkybox":true,"showFlares":true,"showImageEffects":true,"showParticleSystems":true},"in2DMode":false,"pivot":{"x":0.47174549102783205,"y":10.658260345458985,"z":-1.5201985836029053},"rotation":{"x":0.3047744035720825,"y":0.6057263016700745,"z":-0.27006593346595766,"w":0.6835734248161316},"size":5.891911029815674,"orthographic":false}