{"cameraMode":{"drawMode":0,"name":"Shaded","section":"Shading Mode"},"sceneLighting":true,"audioPlay":false,"sceneViewState":{"showFog":true,"showMaterialUpdate":false,"showSkybox":true,"showFlares":true,"showImageEffects":true,"showParticleSystems":true},"in2DMode":false,"pivot":{"x":0.08804620802402497,"y":2.108168601989746,"z":0.7409356832504273},"rotation":{"x":-0.04220859333872795,"y":-0.9571120142936707,"z":0.18339373171329499,"w":-0.2202763855457306},"size":0.6884850263595581,"orthographic":false}