{"cameraMode":{"drawMode":0,"name":"Shaded","section":"Shading Mode"},"sceneLighting":true,"audioPlay":false,"sceneViewState":{"showFog":true,"showMaterialUpdate":false,"showSkybox":true,"showFlares":true,"showImageEffects":true,"showParticleSystems":true},"in2DMode":false,"pivot":{"x":-0.995769739151001,"y":8.4734525680542,"z":6.199127674102783},"rotation":{"x":0.12583044171333314,"y":-0.21689577400684358,"z":0.028239520266652108,"w":0.9676392078399658},"size":9.312743186950684,"orthographic":false}